{
    "Indonesia": [
        117.27043333902732,
        -2.222961002501487
    ],
    "Malaysia": [
        109.69886844215176,
        3.792392850960058
    ],
    "Chile": [
        -71.36437463800134,
        -37.74360561748671
    ],
    "Bolivia": [
        -64.68475372874323,
        -16.706876810521997
    ],
    "Peru": [
        -74.37806457209274,
        -9.154388480812322
    ],
    "Argentina": [
        -65.17819064261987,
        -35.387551364795904
    ],
    "Cyprus": [
        33.22710169078438,
        35.04804194826286
    ],
    "India": [
        79.26822724252932,
        22.76926755764985
    ],
    "China": [
        103.96621469810735,
        36.52169688628584
    ],
    "Israel": [
        34.94980172327091,
        31.344655084900324
    ],
    "Palestine": [
        35.19781236269637,
        31.91608337810503
    ],
    "Lebanon": [
        35.8799365603507,
        33.92035932833599
    ],
    "Ethiopia": [
        39.600551034854256,
        8.622951736496386
    ],
    "South Sudan": [
        30.326880430024772,
        7.270056731620079
    ],
    "Somalia": [
        45.85083145562252,
        6.062651586020416
    ],
    "Kenya": [
        37.838149868514925,
        0.5262429795567365
    ],
    "Pakistan": [
        69.34134310568083,
        29.94849682601894
    ],
    "Malawi": [
        34.28990780341226,
        -13.21722586459299
    ],
    "Tanzania": [
        34.81358642055302,
        -6.275097481139541
    ],
    "Syria": [
        38.48594237742553,
        35.009516659930505
    ],
    "France": [
        -2.7552211895890717,
        42.18010698057149
    ],
    "Suriname": [
        -55.91107136078081,
        4.131244979097913
    ],
    "Guyana": [
        -58.98011465276668,
        4.793461869382692
    ],
    "South Korea": [
        127.81909396665378,
        36.37335354576707
    ],
    "North Korea": [
        127.18377777898428,
        40.15064274466757
    ],
    "Morocco": [
        -6.293469447851971,
        31.843002405391008
    ],
    "Costa Rica": [
        -84.1935975600345,
        9.973309520255924
    ],
    "Nicaragua": [
        -85.03333837238524,
        12.845392598395529
    ],
    "Republic of the Congo": [
        15.218336155892413,
        -0.8388799891146281
    ],
    "Democratic Republic of the Congo": [
        23.645113654235292,
        -2.8797998732320615
    ],
    "Bhutan": [
        90.4044602001727,
        27.42175656156544
    ],
    "Ukraine": [
        31.385747555824555,
        48.99736906424457
    ],
    "Belarus": [
        28.03356639492334,
        53.531880478320424
    ],
    "Namibia": [
        17.211133197441097,
        -22.129246638634957
    ],
    "South Africa": [
        25.08736443525796,
        -29.001032178246838
    ],
    "Saint Martin": [
        -63.05507063091148,
        18.077620618844783
    ],
    "Sint Maarten": [
        -63.07013270034584,
        18.040630483660035
    ],
    "Oman": [
        56.092656542524445,
        20.6018056541968
    ],
    "Uzbekistan": [
        63.13990889063785,
        41.75603586884214
    ],
    "Kazakhstan": [
        67.28699932413214,
        48.15565063333946
    ],
    "Tajikistan": [
        71.01583423685616,
        38.52988564702093
    ],
    "Lithuania": [
        23.88824901575313,
        55.32702364118336
    ],
    "Brazil": [
        -53.09248235070088,
        -10.78085885092013
    ],
    "Uruguay": [
        -56.01715509542444,
        -32.79821074907621
    ],
    "Mongolia": [
        103.05628666205969,
        46.82580606601353
    ],
    "Russia": [
        96.6841032055231,
        61.98786422395972
    ],
    "Czech Republic": [
        15.314103103220322,
        49.73244820551646
    ],
    "Germany": [
        10.381493843447624,
        51.10636348633616
    ],
    "Estonia": [
        25.5357932074836,
        58.671014150381154
    ],
    "Latvia": [
        24.908622427462568,
        56.85181947961555
    ],
    "Norway": [
        15.409599158694798,
        68.79427292198712
    ],
    "Sweden": [
        16.75446643396978,
        62.777099864875204
    ],
    "Finland": [
        26.25561184354356,
        64.48483270771217
    ],
    "Vietnam": [
        106.30093523653805,
        16.642182843719425
    ],
    "Cambodia": [
        104.90280421511616,
        12.715562475454433
    ],
    "Luxembourg": [
        6.0717639672584385,
        49.76682427576929
    ],
    "United Arab Emirates": [
        54.30079560295359,
        23.905783055534314
    ],
    "Belgium": [
        4.639960507622135,
        50.6374616353487
    ],
    "Georgia": [
        43.50752633168559,
        42.168800776701396
    ],
    "Republic of Macedonia": [
        21.683830410055034,
        41.59500492670378
    ],
    "Albania": [
        20.053819197043477,
        41.14248206039721
    ],
    "Azerbaijan": [
        47.54211124799339,
        40.289119040074375
    ],
    "Kosovo": [
        20.873743193515953,
        42.57288338531024
    ],
    "Turkey": [
        35.16723939320062,
        39.06108061572847
    ],
    "Spain": [
        -3.652637016985604,
        40.227233701379426
    ],
    "Laos": [
        103.73787220040333,
        18.5023014728186
    ],
    "Kyrgyzstan": [
        74.54166938682442,
        41.46191865950761
    ],
    "Armenia": [
        44.932301218095816,
        40.28813415394034
    ],
    "Denmark": [
        10.05138970269079,
        55.965377456686
    ],
    "Libya": [
        18.00960512100008,
        27.030277975786365
    ],
    "Tunisia": [
        9.554626245575163,
        34.119405222889604
    ],
    "Romania": [
        24.972941855150182,
        45.85346409783076
    ],
    "Hungary": [
        19.39675926727309,
        47.16324368657721
    ],
    "Slovakia": [
        19.480382971222113,
        48.70493530170698
    ],
    "Poland": [
        19.394322139755964,
        52.12477181887785
    ],
    "Ireland": [
        -8.145044672518251,
        53.178221372742165
    ],
    "United Kingdom": [
        -2.8869515193897257,
        54.14704818821979
    ],
    "Greece": [
        22.97481892536155,
        39.05118118249187
    ],
    "Zambia": [
        27.77421233477675,
        -13.460110018389672
    ],
    "Sierra Leone": [
        -11.795015578248877,
        8.563085842883586
    ],
    "Guinea": [
        -10.94306126602511,
        10.434649046587257
    ],
    "Liberia": [
        -9.319863993190323,
        6.452232554564466
    ],
    "Central African Republic": [
        20.46480919714104,
        6.566321860129994
    ],
    "Sudan": [
        29.948369582723533,
        16.02256313177917
    ],
    "Djibouti": [
        42.56645365235743,
        11.750155875549366
    ],
    "Eritrea": [
        38.85294444470578,
        15.35751373230612
    ],
    "Austria": [
        14.13067288739382,
        47.585656920521046
    ],
    "Iraq": [
        43.744977016243546,
        33.0398037798302
    ],
    "Italy": [
        12.071907092653523,
        42.7864339963724
    ],
    "Switzerland": [
        8.215353657407329,
        46.79895686979246
    ],
    "Iran": [
        54.276946729165324,
        32.570678177910864
    ],
    "Liechtenstein": [
        9.540900288446093,
        47.13820642970717
    ],
    "Ivory Coast": [
        -5.56900018596286,
        7.627966516566045
    ],
    "Serbia": [
        20.790402471008345,
        44.22137592120144
    ],
    "Mali": [
        -3.5390794120030895,
        17.34416279101982
    ],
    "Senegal": [
        -14.471306027706481,
        14.367788578886696
    ],
    "Nigeria": [
        8.091239276054024,
        9.595314826291704
    ],
    "Benin": [
        2.328740730859551,
        9.641216685059455
    ],
    "Angola": [
        17.53698501232238,
        -12.292315690902049
    ],
    "Croatia": [
        16.39854883764005,
        45.06772616813489
    ],